Country,Day,NewCases
Japan,23,132.498296302749
Japan,24,126.85059321246
Japan,25,131.830117345588
Japan,26,113.001788874159
Japan,27,75.9974018656702
Korea,23,140.390487280778
Korea,24,132.017684294545
Korea,25,121.619831283736
Korea,26,66.7682359064891
Korea,27,192.204507621159
Taiwan,23,2021.54451020972
Taiwan,24,1913.43873590546
Taiwan,25,1688.85986730435
Taiwan,26,1658.48649573124
Taiwan,27,1195.52268054125
